<?xml version="1.0" ?>
<root>
    <TimeOffset Id="Dateline Standard Time" DisplayName="(UTC-12:00) International Date Line West"/>
    <TimeOffset Id="UTC-11" DisplayName="(UTC-11:00) Coordinated Universal Time-11"/>
    <TimeOffset Id="Aleutian Standard Time" DisplayName="(UTC-10:00) Aleutian Islands"/>
    <TimeOffset Id="Hawaiian Standard Time" DisplayName="(UTC-10:00) Hawaii"/>
    <TimeOffset Id="Marquesas Standard Time" DisplayName="(UTC-09:30) Marquesas Islands"/>
    <TimeOffset Id="Alaskan Standard Time" DisplayName="(UTC-09:00) Alaska"/>
    <TimeOffset Id="UTC-09" DisplayName="(UTC-09:00) Coordinated Universal Time-09"/>
    <TimeOffset Id="Pacific Standard Time (Mexico)" DisplayName="(UTC-08:00) Baja California"/>
    <TimeOffset Id="UTC-08" DisplayName="(UTC-08:00) Coordinated Universal Time-08"/>
    <TimeOffset Id="Pacific Standard Time" DisplayName="(UTC-08:00) Pacific Time (US &amp; Canada)"/>
    <TimeOffset Id="US Mountain Standard Time" DisplayName="(UTC-07:00) Arizona"/>
    <TimeOffset Id="Mountain Standard Time (Mexico)" DisplayName="(UTC-07:00) La Paz, Mazatlan"/>
    <TimeOffset Id="Mountain Standard Time" DisplayName="(UTC-07:00) Mountain Time (US &amp; Canada)"/>
    <TimeOffset Id="Yukon Standard Time" DisplayName="(UTC-07:00) Yukon"/>
    <TimeOffset Id="Central America Standard Time" DisplayName="(UTC-06:00) Central America"/>
    <TimeOffset Id="Central Standard Time" DisplayName="(UTC-06:00) Central Time (US &amp; Canada)"/>
    <TimeOffset Id="Easter Island Standard Time" DisplayName="(UTC-06:00) Easter Island"/>
    <TimeOffset Id="Central Standard Time (Mexico)" DisplayName="(UTC-06:00) Guadalajara, Mexico City, Monterrey"/>
    <TimeOffset Id="Canada Central Standard Time" DisplayName="(UTC-06:00) Saskatchewan"/>
    <TimeOffset Id="SA Pacific Standard Time" DisplayName="(UTC-05:00) Bogota, Lima, Quito, Rio Branco"/>
    <TimeOffset Id="Eastern Standard Time (Mexico)" DisplayName="(UTC-05:00) Chetumal"/>
    <TimeOffset Id="Eastern Standard Time" DisplayName="(UTC-05:00) Eastern Time (US &amp; Canada)"/>
    <TimeOffset Id="Haiti Standard Time" DisplayName="(UTC-05:00) Haiti"/>
    <TimeOffset Id="Cuba Standard Time" DisplayName="(UTC-05:00) Havana"/>
    <TimeOffset Id="US Eastern Standard Time" DisplayName="(UTC-05:00) Indiana (East)"/>
    <TimeOffset Id="Turks And Caicos Standard Time" DisplayName="(UTC-05:00) Turks and Caicos"/>
    <TimeOffset Id="Paraguay Standard Time" DisplayName="(UTC-04:00) Asuncion"/>
    <TimeOffset Id="Atlantic Standard Time" DisplayName="(UTC-04:00) Atlantic Time (Canada)"/>
    <TimeOffset Id="Venezuela Standard Time" DisplayName="(UTC-04:00) Caracas"/>
    <TimeOffset Id="Central Brazilian Standard Time" DisplayName="(UTC-04:00) Cuiaba"/>
    <TimeOffset Id="SA Western Standard Time" DisplayName="(UTC-04:00) Georgetown, La Paz, Manaus, San Juan"/>
    <TimeOffset Id="Pacific SA Standard Time" DisplayName="(UTC-04:00) Santiago"/>
    <TimeOffset Id="Newfoundland Standard Time" DisplayName="(UTC-03:30) Newfoundland"/>
    <TimeOffset Id="Tocantins Standard Time" DisplayName="(UTC-03:00) Araguaina"/>
    <TimeOffset Id="E. South America Standard Time" DisplayName="(UTC-03:00) Brasilia"/>
    <TimeOffset Id="SA Eastern Standard Time" DisplayName="(UTC-03:00) Cayenne, Fortaleza"/>
    <TimeOffset Id="Argentina Standard Time" DisplayName="(UTC-03:00) City of Buenos Aires"/>
    <TimeOffset Id="Greenland Standard Time" DisplayName="(UTC-03:00) Greenland"/>
    <TimeOffset Id="Montevideo Standard Time" DisplayName="(UTC-03:00) Montevideo"/>
    <TimeOffset Id="Magallanes Standard Time" DisplayName="(UTC-03:00) Punta Arenas"/>
    <TimeOffset Id="Saint Pierre Standard Time" DisplayName="(UTC-03:00) Saint Pierre and Miquelon"/>
    <TimeOffset Id="Bahia Standard Time" DisplayName="(UTC-03:00) Salvador"/>
    <TimeOffset Id="UTC-02" DisplayName="(UTC-02:00) Coordinated Universal Time-02"/>
    <TimeOffset Id="Azores Standard Time" DisplayName="(UTC-01:00) Azores"/>
    <TimeOffset Id="Cape Verde Standard Time" DisplayName="(UTC-01:00) Cabo Verde Is."/>
    <TimeOffset Id="UTC" DisplayName="(UTC) Coordinated Universal Time"/>
    <TimeOffset Id="GMT Standard Time" DisplayName="(UTC+00:00) Dublin, Edinburgh, Lisbon, London"/>
    <TimeOffset Id="Greenwich Standard Time" DisplayName="(UTC+00:00) Monrovia, Reykjavik"/>
    <TimeOffset Id="Sao Tome Standard Time" DisplayName="(UTC+00:00) Sao Tome"/>
    <TimeOffset Id="Morocco Standard Time" DisplayName="(UTC+01:00) Casablanca"/>
    <TimeOffset Id="W. Europe Standard Time" DisplayName="(UTC+01:00) Amsterdam, Berlin, Bern, Rome, Stockholm, Vienna"/>
    <TimeOffset Id="Central Europe Standard Time" DisplayName="(UTC+01:00) Belgrade, Bratislava, Budapest, Ljubljana, Prague"/>
    <TimeOffset Id="Romance Standard Time" DisplayName="(UTC+01:00) Brussels, Copenhagen, Madrid, Paris"/>
    <TimeOffset Id="Central European Standard Time" DisplayName="(UTC+01:00) Sarajevo, Skopje, Warsaw, Zagreb"/>
    <TimeOffset Id="W. Central Africa Standard Time" DisplayName="(UTC+01:00) West Central Africa"/>
    <TimeOffset Id="GTB Standard Time" DisplayName="(UTC+02:00) Athens, Bucharest"/>
    <TimeOffset Id="Middle East Standard Time" DisplayName="(UTC+02:00) Beirut"/>
    <TimeOffset Id="Egypt Standard Time" DisplayName="(UTC+02:00) Cairo"/>
    <TimeOffset Id="E. Europe Standard Time" DisplayName="(UTC+02:00) Chisinau"/>
    <TimeOffset Id="Syria Standard Time" DisplayName="(UTC+02:00) Damascus"/>
    <TimeOffset Id="West Bank Standard Time" DisplayName="(UTC+02:00) Gaza, Hebron"/>
    <TimeOffset Id="South Africa Standard Time" DisplayName="(UTC+02:00) Harare, Pretoria"/>
    <TimeOffset Id="FLE Standard Time" DisplayName="(UTC+02:00) Helsinki, Kyiv, Riga, Sofia, Tallinn, Vilnius"/>
    <TimeOffset Id="Israel Standard Time" DisplayName="(UTC+02:00) Jerusalem"/>
    <TimeOffset Id="South Sudan Standard Time" DisplayName="(UTC+02:00) Juba"/>
    <TimeOffset Id="Kaliningrad Standard Time" DisplayName="(UTC+02:00) Kaliningrad"/>
    <TimeOffset Id="Sudan Standard Time" DisplayName="(UTC+02:00) Khartoum"/>
    <TimeOffset Id="Libya Standard Time" DisplayName="(UTC+02:00) Tripoli"/>
    <TimeOffset Id="Namibia Standard Time" DisplayName="(UTC+02:00) Windhoek"/>
    <TimeOffset Id="Jordan Standard Time" DisplayName="(UTC+03:00) Amman"/>
    <TimeOffset Id="Arabic Standard Time" DisplayName="(UTC+03:00) Baghdad"/>
    <TimeOffset Id="Turkey Standard Time" DisplayName="(UTC+03:00) Istanbul"/>
    <TimeOffset Id="Arab Standard Time" DisplayName="(UTC+03:00) Kuwait, Riyadh"/>
    <TimeOffset Id="Belarus Standard Time" DisplayName="(UTC+03:00) Minsk"/>
    <TimeOffset Id="Russian Standard Time" DisplayName="(UTC+03:00) Moscow, St. Petersburg"/>
    <TimeOffset Id="E. Africa Standard Time" DisplayName="(UTC+03:00) Nairobi"/>
    <TimeOffset Id="Volgograd Standard Time" DisplayName="(UTC+03:00) Volgograd"/>
    <TimeOffset Id="Iran Standard Time" DisplayName="(UTC+03:30) Tehran"/>
    <TimeOffset Id="Arabian Standard Time" DisplayName="(UTC+04:00) Abu Dhabi, Muscat"/>
    <TimeOffset Id="Astrakhan Standard Time" DisplayName="(UTC+04:00) Astrakhan, Ulyanovsk"/>
    <TimeOffset Id="Azerbaijan Standard Time" DisplayName="(UTC+04:00) Baku"/>
    <TimeOffset Id="Russia Time Zone 3" DisplayName="(UTC+04:00) Izhevsk, Samara"/>
    <TimeOffset Id="Mauritius Standard Time" DisplayName="(UTC+04:00) Port Louis"/>
    <TimeOffset Id="Saratov Standard Time" DisplayName="(UTC+04:00) Saratov"/>
    <TimeOffset Id="Georgian Standard Time" DisplayName="(UTC+04:00) Tbilisi"/>
    <TimeOffset Id="Caucasus Standard Time" DisplayName="(UTC+04:00) Yerevan"/>
    <TimeOffset Id="Afghanistan Standard Time" DisplayName="(UTC+04:30) Kabul"/>
    <TimeOffset Id="West Asia Standard Time" DisplayName="(UTC+05:00) Ashgabat, Tashkent"/>
    <TimeOffset Id="Ekaterinburg Standard Time" DisplayName="(UTC+05:00) Ekaterinburg"/>
    <TimeOffset Id="Pakistan Standard Time" DisplayName="(UTC+05:00) Islamabad, Karachi"/>
    <TimeOffset Id="Qyzylorda Standard Time" DisplayName="(UTC+05:00) Qyzylorda"/>
    <TimeOffset Id="India Standard Time" DisplayName="(UTC+05:30) Chennai, Kolkata, Mumbai, New Delhi"/>
    <TimeOffset Id="Sri Lanka Standard Time" DisplayName="(UTC+05:30) Sri Jayawardenepura"/>
    <TimeOffset Id="Nepal Standard Time" DisplayName="(UTC+05:45) Kathmandu"/>
    <TimeOffset Id="Central Asia Standard Time" DisplayName="(UTC+06:00) Astana"/>
    <TimeOffset Id="Bangladesh Standard Time" DisplayName="(UTC+06:00) Dhaka"/>
    <TimeOffset Id="Omsk Standard Time" DisplayName="(UTC+06:00) Omsk"/>
    <TimeOffset Id="Myanmar Standard Time" DisplayName="(UTC+06:30) Yangon (Rangoon)"/>
    <TimeOffset Id="SE Asia Standard Time" DisplayName="(UTC+07:00) Bangkok, Hanoi, Jakarta"/>
    <TimeOffset Id="Altai Standard Time" DisplayName="(UTC+07:00) Barnaul, Gorno-Altaysk"/>
    <TimeOffset Id="W. Mongolia Standard Time" DisplayName="(UTC+07:00) Hovd"/>
    <TimeOffset Id="North Asia Standard Time" DisplayName="(UTC+07:00) Krasnoyarsk"/>
    <TimeOffset Id="N. Central Asia Standard Time" DisplayName="(UTC+07:00) Novosibirsk"/>
    <TimeOffset Id="Tomsk Standard Time" DisplayName="(UTC+07:00) Tomsk"/>
    <TimeOffset Id="China Standard Time" DisplayName="(UTC+08:00) Beijing, Chongqing, Hong Kong, Urumqi"/>
    <TimeOffset Id="North Asia East Standard Time" DisplayName="(UTC+08:00) Irkutsk"/>
    <TimeOffset Id="Singapore Standard Time" DisplayName="(UTC+08:00) Kuala Lumpur, Singapore"/>
    <TimeOffset Id="W. Australia Standard Time" DisplayName="(UTC+08:00) Perth"/>
    <TimeOffset Id="Taipei Standard Time" DisplayName="(UTC+08:00) Taipei"/>
    <TimeOffset Id="Ulaanbaatar Standard Time" DisplayName="(UTC+08:00) Ulaanbaatar"/>
    <TimeOffset Id="Aus Central W. Standard Time" DisplayName="(UTC+08:45) Eucla"/>
    <TimeOffset Id="Transbaikal Standard Time" DisplayName="(UTC+09:00) Chita"/>
    <TimeOffset Id="Tokyo Standard Time" DisplayName="(UTC+09:00) Osaka, Sapporo, Tokyo"/>
    <TimeOffset Id="North Korea Standard Time" DisplayName="(UTC+09:00) Pyongyang"/>
    <TimeOffset Id="Korea Standard Time" DisplayName="(UTC+09:00) Seoul"/>
    <TimeOffset Id="Yakutsk Standard Time" DisplayName="(UTC+09:00) Yakutsk"/>
    <TimeOffset Id="Cen. Australia Standard Time" DisplayName="(UTC+09:30) Adelaide"/>
    <TimeOffset Id="AUS Central Standard Time" DisplayName="(UTC+09:30) Darwin"/>
    <TimeOffset Id="E. Australia Standard Time" DisplayName="(UTC+10:00) Brisbane"/>
    <TimeOffset Id="AUS Eastern Standard Time" DisplayName="(UTC+10:00) Canberra, Melbourne, Sydney"/>
    <TimeOffset Id="West Pacific Standard Time" DisplayName="(UTC+10:00) Guam, Port Moresby"/>
    <TimeOffset Id="Tasmania Standard Time" DisplayName="(UTC+10:00) Hobart"/>
    <TimeOffset Id="Vladivostok Standard Time" DisplayName="(UTC+10:00) Vladivostok"/>
    <TimeOffset Id="Lord Howe Standard Time" DisplayName="(UTC+10:30) Lord Howe Island"/>
    <TimeOffset Id="Bougainville Standard Time" DisplayName="(UTC+11:00) Bougainville Island"/>
    <TimeOffset Id="Russia Time Zone 10" DisplayName="(UTC+11:00) Chokurdakh"/>
    <TimeOffset Id="Magadan Standard Time" DisplayName="(UTC+11:00) Magadan"/>
    <TimeOffset Id="Norfolk Standard Time" DisplayName="(UTC+11:00) Norfolk Island"/>
    <TimeOffset Id="Sakhalin Standard Time" DisplayName="(UTC+11:00) Sakhalin"/>
    <TimeOffset Id="Central Pacific Standard Time" DisplayName="(UTC+11:00) Solomon Is., New Caledonia"/>
    <TimeOffset Id="Russia Time Zone 11" DisplayName="(UTC+12:00) Anadyr, Petropavlovsk-Kamchatsky"/>
    <TimeOffset Id="New Zealand Standard Time" DisplayName="(UTC+12:00) Auckland, Wellington"/>
    <TimeOffset Id="UTC+12" DisplayName="(UTC+12:00) Coordinated Universal Time+12"/>
    <TimeOffset Id="Fiji Standard Time" DisplayName="(UTC+12:00) Fiji"/>
    <TimeOffset Id="Chatham Islands Standard Time" DisplayName="(UTC+12:45) Chatham Islands"/>
    <TimeOffset Id="UTC+13" DisplayName="(UTC+13:00) Coordinated Universal Time+13"/>
    <TimeOffset Id="Tonga Standard Time" DisplayName="(UTC+13:00) Nuku'alofa"/>
    <TimeOffset Id="Samoa Standard Time" DisplayName="(UTC+13:00) Samoa"/>
    <TimeOffset Id="Line Islands Standard Time" DisplayName="(UTC+14:00) Kiritimati Island"/>
</root>
